BuildingCode,Longitude,Latitude
2402000070,125.5854067,10.3217683
2402000072,125.5863533,10.3225033
2402000074,125.5852667,10.3219633
2402000076,125.5863067,10.3228433
2402000078,125.5851433,10.3215598
2402000080,125.5857467,10.3225833
2402000082,125.585155,10.32154
2402000085,125.5847636,10.3171234
2402000087,125.5847636,10.3171234
2402000089,125.5848597,10.3206139
2402000091,125.5848597,10.3206139
2402000093,125.5851509,10.3215298
2402000095,125.5847636,10.3171234
2402000097,125.5851433,10.3215598
2402000100,125.5851433,10.3215598
2402000102,125.5854022,10.321252
2402000104,125.5851547,10.3215648
2402000106,125.5847168,10.3190189
2402000108,125.5847939,10.3206301
2402000110,125.5842524,10.31910352
2402000114,125.5837379,10.3193289
2402000116,125.5837379,10.3193289
2402000118,125.5848628,10.3206121
2402000120,125.5849023,10.320649
2402000122,125.5857245,10.3216423
2402000124,125.5850222,10.3211593
2402000126,125.584641,10.3204218
2402000128,125.5851774,10.3215816
2402000130,125.5848707,10.320613
2402000132,125.5848596,10.3206064
2402000134,125.5859103,10.3209204
2402000138,125.5560476,10.3310527
2402000140,125.5563716,10.3309237
2402000142,125.5563551,10.3308386
2402000144,125.5564425,10.3306125
2402000148,125.556172,10.3309719
2402000150,125.5561871,10.3306898
2402000152,125.5563017,10.3307239
2402000155,125.5562757,10.3307116
2402000157,125.5562946,10.3307232
2402000161,125.5562282,10.3307323
2402000163,125.5558714,10.3306259
2402000165,125.5536978,10.3471879
2402000167,125.5536944,10.3472137
2402000171,125.5536985,10.3472182
2402000175,125.5536958,10.3471955
2402000177,125.5534556,10.3465312
2402000179,125.5534117,10.3465618
2402000181,125.5532141,10.3466342
2402000183,125.55339,10.3465873
2402000186,125.5534254,10.3465405
2402000190,125.5534709,10.3465031
2402000192,125.5534872,10.3464605
2402000195,125.5534983,10.3464497
2402000198,125.5534574,10.3465208
2402000202,125.5534081,10.3472838
2402000205,125.5534099,10.3465763
2402000208,125.5534505,10.3465401
2402000210,125.553461,10.3475917
2402000212,125.5534164,10.3465662
2402000214,125.5848555,10.3197562
2402000216,125.5848125,10.3192999
2402000218,125.584775,10.3189915
2402000221,125.584775,10.3189915
2402000223,125.58474,10.3188002
2402000225,125.5847636,10.3171234
2402000227,125.5847852,10.3192522
2402000229,125.5847852,10.3192522
2402000231,125.5847944,10.3189755
2402000234,125.5847636,10.3171234
2402000238,125.5847682,10.3189321
2402000240,125.5847034,10.3190283
2402000242,125.5847244,10.3190261
2402000244,125.5847636,10.3171234
2402000246,125.5847431,10.3188127
2402000248,125.5847636,10.3171234
2402000250,125.5874987,10.3129232
2402000252,125.5874987,10.3129232
2402000254,125.5837379,10.3193289
2402000257,125.5874987,10.3129232
2402000262,125.5856765,10.3206569
2402000264,125.5847434,10.3187164
2402000266,125.5847311,10.3188054
2402000268,125.5555477,10.32757003
2402000271,125.584975,10.3195233
2402000273,125.5846683,10.3197167
2402000275,125.5851867,10.3194267
2402000277,125.5850333,10.3192483
2402000279,125.5849217,10.3193133
2402000281,125.58536,10.31842
2402000283,125.58437,10.3188867
2402000285,125.5847786,10.3189532
2402000287,125.5847865,10.3190511
2402000289,125.5847167,10.3190492
2402000293,125.5847636,10.3171234
2402000300,125.5536184,10.3474514
2402000302,125.5538383,10.347135
2402000305,125.5534683,10.34651
2402000307,125.553665,10.347145
2402000309,125.5562623,10.33964473
2402002108,125.6209486,10.2563497
2402002154,125.5584333,10.3275625
2402002155,125.5594593,10.326543
2402002156,125.5584333,10.3275625
2402002157,125.5594593,10.326543
2402002158,125.5594593,10.326543
2402002159,125.5584333,10.3275625
2402002160,125.5584333,10.3275625
2402002161,125.5584333,10.3275625
2402002162,125.5584333,10.3275625
2402002163,125.5584333,10.3275625
2402002164,125.5594593,10.326543
2402002165,125.5594593,10.326543
2402002166,125.5580913,10.3231552
2402002167,125.5584333,10.3275625
2402002168,125.5645892,10.3235229
2402002169,125.5584333,10.3269691
2402002189,125.5506679,10.31962423
2402002190,125.5573599,10.3264005
2402002191,125.5575886,10.3267668
2402002192,125.5573479,10.3267478
2402002193,125.5572987,10.3266404
2402002194,125.5573014,10.3265678
2402002202,125.5847636,10.3171234
2402002204,125.5847636,10.3171234
2402002205,125.5847636,10.3171234
2402002206,125.5847636,10.3171234
2402002208,125.5847636,10.3171234
2402002209,125.5847636,10.3171234
2402002210,125.5839232,10.3190982
2402002212,125.584696,10.3203703
2402002213,125.5846954,10.3203742
2402002214,125.5844076,10.3191257
2402002215,125.5841382,10.3192006
2402002216,125.5840344,10.3193166
2402002218,125.5847636,10.3171234
2402002219,125.5847636,10.3171234
2402002220,125.5846156,10.3189631
2402002221,125.584487,10.3190325
2402002222,125.5847636,10.3171234
2402002223,125.584779,10.318994
2402002225,125.5827794,10.318619
2402002226,125.584345,10.3199331
2402002227,125.584345,10.3199331
2402002228,125.584345,10.3199331
2402002229,125.584345,10.3199331
2402002230,125.5839037,10.3191752
2402002231,125.5843182,10.3200067
2402002233,125.5828733,10.3188227
2402002234,125.5809945,10.3195611
2402002235,125.5847636,10.3168268
2402002236,125.5847636,10.3168268
2402002270,125.6214606,10.2563808
2402002271,125.6214606,10.2563808
2402002272,125.6214606,10.2563808
2402002273,125.6214606,10.2563808
2402002274,125.6214606,10.2563808
2402002275,125.6214606,10.2563808
2402002276,125.6214606,10.2563808
2402002277,125.6214606,10.2563808
2402002278,125.6272974,10.2570301
2402002279,125.6272974,10.2570301
2402002280,125.6272974,10.2570301
2402002281,125.6272974,10.2570301
2402002282,125.6272991,10.2572823
2402002283,125.6272991,10.2572823
2402002284,125.6272991,10.2572823
2402002285,125.6270536,10.2567384
2402002286,125.6197668,10.25654365
2402002287,125.6205588,10.25659547
2402002288,125.6205689,10.25654269
2402002308,125.557466,10.3256242
2402002309,125.5574287,10.3265205
2402002310,125.5572629,10.3261045
2402002311,125.5572546,10.3261339
2402002313,125.5576068,10.3258193
2402002314,125.5572989,10.3261237
2402002315,125.5575341,10.3257384
2402002316,125.5573949,10.3256806
2402002317,125.5595852,10.3266365
2402002318,125.557256,10.3262015
2402002319,125.5571782,10.3258916
2402002320,125.5576823,10.3257102
2402002321,125.5565084,10.3262676
2402002322,125.5571201,10.3256314
2402002324,125.5567278,10.3268369
2402002325,125.5572218,10.3264479
2402002326,125.5567034,10.3268703
2402002327,125.5566853,10.3268677
2402002328,125.5566817,10.3268308
2402002329,125.5567212,10.3268692
2402002330,125.5188121,10.30911756
2402002332,125.5188141,10.30911551
2402002333,125.5566915,10.3268623
2402002334,125.5567244,10.326868
2402002335,125.5567018,10.3268722
2402002336,125.5566615,10.3268691
2402002337,125.556678,10.3268557
2402002338,125.5562921,10.3267157
2402002339,125.5572474,10.3263462
2402002341,125.5572382,10.3263052
2402002342,125.5572302,10.326389
2402002343,125.5572146,10.3263997
2402002344,125.5572132,10.3263961
2402002345,125.5572403,10.3262452
2402002346,125.5572612,10.3261672
2402002347,125.5590037,10.3258374
2402002348,125.5571603,10.3259943
2402002351,125.5557128,10.3272156
2402002353,125.5558402,10.3276109
2402002354,125.5560863,10.3263881
2402002355,125.5566288,10.3259231
2402002405,125.5580913,10.3237485
2402002406,125.5580913,10.3237485
2402002407,125.5580913,10.3237485
2402002408,125.5580913,10.3237485
2402002409,125.5587638,10.3200039
2402002410,125.5580913,10.3237485
2402002411,125.5587206,10.3198041
2402002421,125.5557332,10.3285615
2402002423,125.5556101,10.3285143
2402002424,125.5557146,10.3285094
2402002425,125.5557531,10.3295123
2402002426,125.5557565,10.3295136
2402002427,125.5557569,10.3294744
2402002428,125.5557562,10.329471
2402002429,125.555757,10.3294765
2402002430,125.5557564,10.3294769
2402002431,125.5580913,10.3231552
2402002432,125.5557664,10.329526
2402002433,125.5557747,10.3295314
2402002434,125.555757,10.3294765
2402002435,125.5557793,10.3295353
2402002436,125.5557602,10.3294726
2402002437,125.5557599,10.3294746
2402002439,125.5557613,10.3294665
2402002440,125.5557683,10.3295012
2402002441,125.5557874,10.3295627
2402002443,125.5558023,10.3295099
2402002444,125.5558454,10.3297534
2402002445,125.5558442,10.3296139
2402002446,125.5558403,10.3297309
2402002447,125.5558271,10.3295915
2402002448,125.5562629,10.3299076
2402002449,125.5558093,10.3295084
2402002481,125.6255015,10.2566986
2402002482,125.6254974,10.2566959
2402002483,125.6249717,10.2565217
2402002484,125.6240683,10.256685
2402002485,125.6244932,10.256809
2402002486,125.6254964,10.2566975
2402002487,125.6244033,10.2571883
2402002488,125.6247776,10.2567186
2402002489,125.6254981,10.2566998
2402002490,125.6254974,10.2566959
2402002491,125.6248073,10.2567096
2402002492,125.6242633,10.2567483
2402002493,125.6245083,10.256815
2402002494,125.6255828,10.256685
2402002495,125.6255828,10.256685
2402002496,125.6255035,10.2567043
2402002497,125.62551,10.2567315
2402002498,125.6255946,10.2566842
2402002499,125.6243133,10.25679
2402002500,125.6256063,10.2566597
2402002501,125.6255054,10.2567364
2402002502,125.6254985,10.256693
2402002529,125.5588275,10.3197579
2402002530,125.5580913,10.3237485
2402002536,125.5584572,10.3196524
2402002537,125.5580913,10.3237485
2402002538,125.5583341,10.3195823
2402002539,125.5580913,10.3237485
2402002541,125.5581696,10.3194578
2402002542,125.5581249,10.3194073
2402002543,125.5581253,10.3194063
2402002546,125.5583231,10.3189558
2402002547,125.5583197,10.3189455
2402002548,125.5583794,10.3189231
2402002549,125.5588133,10.3190777
2403000001,125.5287569,10.2829262
2403000002,125.5287695,10.2829287
2403000003,125.5287702,10.2829293
2403000004,125.5288042,10.2829548
2403000005,125.5288722,10.2830172
2403000006,125.5288868,10.2830378
2403000007,125.5288367,10.2829768
2403000008,125.5287489,10.2829356
2403000009,125.5287616,10.2829281
2403000010,125.5287371,10.2829473
2403000011,125.5287662,10.2829237
2403000012,125.5278645,10.282968
2403000013,125.528513,10.2829681
2403000014,125.5287665,10.2829288
2403000015,125.5279285,10.2829589
2403000016,125.5279363,10.2829534
2403000017,125.527878,10.2829555
2403000018,125.5275972,10.2831116
2403000019,125.527635,10.2830953
2403000020,125.5276052,10.2830949
2403000021,125.5287576,10.2829184
2403000022,125.5278645,10.282968
2403000023,125.5287616,10.2829281
2403000048,125.5504394,10.31948702
2403000049,125.5578563,10.3243147
2403000050,125.5578658,10.3248833
2403000051,125.5575378,10.3245714
2403000052,125.5576444,10.3244435
2403000053,125.5580553,10.3244298
2403000054,125.5580519,10.3243645
2403000056,125.5577168,10.3247273
2403000057,125.5576452,10.3248161
2403000058,125.5576331,10.3245837
2403000059,125.5576392,10.3248443
2403000060,125.5576381,10.3249413
2403000061,125.5577242,10.3249555
2403000062,125.5576673,10.3250215
2403000063,125.55749,10.324845
2403000064,125.5574922,10.3249836
2403000065,125.5574517,10.3251789
2403000066,125.55739,10.3253198
2403000092,125.6008312,10.2940468
2403000094,125.5840881,10.3190074
2403000097,125.5844217,10.2943331
2403000098,125.5846966,10.2975696
2403000099,125.5840966,10.31900718
2403000100,125.5837379,10.3193289
2403000101,125.5874987,10.3132198
2403000102,125.5874987,10.3132198
2403000103,125.5839619,10.31906926
2403000104,125.5839704,10.31905869
2403000105,125.58398,10.31905108
2403000106,125.5855504,10.299542
2403000107,125.5855553,10.2995419
2403000108,125.5855545,10.2995455
2403000110,125.5855588,10.2995398
2403000111,125.5855539,10.2995453
2403000112,125.583986,10.31904003
2403000113,125.5855539,10.2995453
2403000114,125.585554,10.2995453
2403000115,125.5855593,10.2995406
2403000116,125.5853819,10.298232
2403000117,125.5853809,10.2982318
2403000118,125.5853767,10.2982319
2403000119,125.5853839,10.2982343
2403000120,125.5853857,10.2982355
2403000121,125.5853741,10.2982246
2403000122,125.5850001,10.2972791
2403000124,125.5839935,10.31903045
2403000125,125.5885244,10.2938169
2403000126,125.586815,10.3222033
2403000128,125.5871569,10.2957679
2403000129,125.5841282,10.31899667
2403000130,125.5840025,10.31902037
2403000131,125.5840145,10.31901276
2403000132,125.5837379,10.3193289
2403000133,125.5874987,10.3132198
2403000134,125.5874987,10.3132198
2403000135,125.5827122,10.3185684
2403000178,125.5582829,10.3192173
2403000179,125.5582731,10.3192123
2403000180,125.5581746,10.3190258
2403000182,125.5580913,10.3237485
2403000184,125.5580913,10.3237485
2403000185,125.5580913,10.3237485
2403000187,125.5584333,10.3275625
2403000188,125.5605028,10.3270839
2403000189,125.5584333,10.3275625
2403000190,125.5584333,10.3275625
2403000191,125.5605028,10.3271219
2403000192,125.5605872,10.3271316
2403000194,125.5603293,10.3272688
2403000195,125.5584333,10.3275625
2403000196,125.560426,10.3269852
2403000197,125.5603184,10.3272921
2403000198,125.5586669,10.3257401
2403000199,125.5589394,10.3258456
2403000200,125.5577021,10.325707
2403000201,125.5576691,10.3257038
2403000202,125.557349,10.3255769
2403000203,125.5584333,10.3275625
2403000222,125.5837936,10.3200697
2403000223,125.5837379,10.3193289
2403000224,125.5837941,10.3200563
2403000225,125.5836752,10.320208
2403000226,125.5837939,10.3200578
2403000232,125.6204883,10.2574383
2403000233,125.6196724,10.2567519
2403000236,125.6208895,10.2565044
2403000237,125.6208616,10.2565295
2403000238,125.6196887,10.2567977
2403000239,125.6200026,10.2568009
2403000240,125.6199952,10.2567932
2403000241,125.6209083,10.2561317
2403000242,125.6213967,10.255785
2403000243,125.6208759,10.2565882
2403000244,125.6208446,10.256509
2403000245,125.6208981,10.2565501
2403000246,125.6208656,10.2566324
2403000247,125.6208789,10.2566283
2403000248,125.6208916,10.2566173
2403000249,125.6208847,10.2566169
2403000250,125.6197087,10.2562652
2403000251,125.6196145,10.2568093
2403000252,125.6196407,10.2568067
2403000253,125.6209363,10.2567095
2403000254,125.620727,10.256547
2403000257,125.6211017,10.2570933
2403000258,125.5422213,10.31801326
2403000259,125.5431195,10.31809389
2403000260,125.6247556,10.2581457
2403000261,125.617579,10.2551957
2403000263,125.6208763,10.2565755
2403000264,125.6208979,10.2566162
2403000265,125.6209561,10.2565946
2403000266,125.6244139,10.2578924
2403000267,125.6207657,10.256518
2403000268,125.6207355,10.2565232
2403000303,125.5580913,10.3237485
2403000304,125.5580913,10.3237485
2403000305,125.5580913,10.3237485
2403000306,125.5580913,10.3237485
2403000325,125.5845253,10.3032494
2403000326,125.5849165,10.3033631
2403000330,125.5848301,10.302584
2403000335,125.6274383,10.2571717
2403000336,125.6204176,10.25664366
2403000337,125.62627,10.257795
2403000338,125.6247467,10.2556233
2403000339,125.61769,10.2490083
2403000340,125.619723,10.25634156
2403000341,125.6267567,10.2577483
2403000342,125.6268333,10.25771
2403000343,125.6268817,10.2577017
2403000354,125.5808365,10.2783115
2403000355,125.5805693,10.2783768
2403000356,125.5868009,10.2800236
2403000357,125.5866436,10.2798985
2403000358,125.5865592,10.2794796
2403000359,125.5864177,10.2794843
2403000360,125.5801578,10.2774276
2403000361,125.5804975,10.2777242
2403000362,125.5860107,10.2794217
2403000363,125.5859482,10.2794093
2403000364,125.5859879,10.2793835
2403000365,125.5857353,10.2793938
2403000367,125.5857602,10.2793355
2403000368,125.585596,10.2793794
2403000369,125.5856352,10.279244
2403000370,125.5855416,10.2792176
2403000371,125.5857997,10.2792326
2403000372,125.5858622,10.2792769
2403000373,125.5808121,10.278465
2403000374,125.5858263,10.2792384
2403000375,125.5858289,10.2792376
2403000376,125.585811,10.2792392
2403000377,125.5858113,10.2792229
2403000379,125.5857477,10.2792018
2403000380,125.5858857,10.2791554
2403000381,125.5850988,10.2790748
2403000382,125.5857971,10.2792188
2403000384,125.5846821,10.2782156
2403000385,125.5833319,10.2743087
2403000386,125.5830932,10.2750319
2403000387,125.5832418,10.2752016
2403000388,125.5857745,10.2787057
2403000389,125.5864146,10.279094
2403000390,125.5799343,10.2693797
2403000391,125.5809156,10.2722726
2403000392,125.5811924,10.2682283
2403000393,125.5808919,10.2678119
2403000394,125.5811227,10.267529
2403000395,125.5812428,10.2674534
2403000396,125.5809098,10.2676887
2403000397,125.5828717,10.2650675
2403000398,125.582776,10.2650972
2403000399,125.5828069,10.2646172
2403000400,125.582899,10.2645822
2403000401,125.5826787,10.2631491
2403000402,125.5808842,10.267423
2403000403,125.580485,10.2677376
2403000404,125.581387,10.2682618
2403000405,125.5867977,10.2795948
2403000406,125.5864291,10.279462
2403000407,125.5862759,10.2793853
2403000408,125.5864779,10.2792944
2403000409,125.5860857,10.2794615
2403000410,125.5860784,10.2794372
2403000411,125.5878983,10.2818291
2403000412,125.5868805,10.2799922
2403000414,125.5866338,10.2796277
2403000415,125.5795894,10.269516
2403000416,125.5800107,10.2693111
2403000417,125.5801294,10.2665694
2403000419,125.5784592,10.2618
2403000422,125.5802258,10.2656978
2403000426,125.5803147,10.2643129
2403000428,125.5785895,10.2618553
2403000429,125.5782811,10.2617698
2403000430,125.5778954,10.2612128
2403000431,125.5779166,10.2611798
2403000432,125.5777572,10.2609603
2403000433,125.5775424,10.2601507
2403000434,125.5818274,10.2667708
2403000436,125.5834587,10.2897912
2403000437,125.582406,10.2894718
2403000439,125.5807213,10.2784788
2403000440,125.5807099,10.278218
2403000441,125.5802313,10.2781303
2403000442,125.5815054,10.2774142
2403000528,125.5559345,10.3304537
2403000530,125.5559446,10.3304513
2403000531,125.5559187,10.3304293
2403000532,125.5559113,10.330405
2403000534,125.5558338,10.3296894
2403000535,125.555878,10.3297452
2403000536,125.5591173,10.3239159
2403000537,125.5591173,10.3239159
2403000538,125.5591173,10.3239159
2403000539,125.5591173,10.3239159
2403000540,125.5591173,10.3239159
2403000541,125.5591173,10.3239159
2403000542,125.5591173,10.3239159
2403000543,125.5591173,10.3239159
2403000544,125.5591173,10.3239159
2403000545,125.5591173,10.3239159
2403000546,125.5591173,10.3239159
2403000549,125.5591173,10.3239159
2403000551,125.5591173,10.3239159
2403000553,125.5591173,10.3239159
2403000554,125.5558282,10.3309483
2403000588,125.5557188,10.3272187
2403000589,125.5564082,10.32683464
2403000590,125.5561783,10.32680275
2403000591,125.5559654,10.32693125
2403000592,125.555964,10.32685968
2403000593,125.5560741,10.32700803
2403000594,125.5559924,10.32714603
2403000595,125.5560567,10.32738461
2403000596,125.5562239,10.32741732
2403000597,125.5562118,10.32739465
2403000598,125.5563543,10.32745674
2403000599,125.5565111,10.32742356
2403000600,125.5557027,10.3272153
2403000601,125.5557041,10.3272129
2403000602,125.5580913,10.3234518
2403000603,125.5557044,10.3272131
2403000604,125.5557059,10.3272277
2403000605,125.5556863,10.3272574
2403000606,125.5557084,10.3272228
2403000607,125.5558273,10.32676313
2403000608,125.5560634,10.3263546
2403000609,125.5562487,10.3265363
2403000610,125.5562631,10.3265293
2403000611,125.5562762,10.3265224
2403000612,125.5562756,10.3265255
2403000613,125.5562724,10.3265019
2403000614,125.5562743,10.3265107
2403000615,125.5563007,10.3264501
2403000617,125.5563442,10.3264695
2403000618,125.5564954,10.3262453
2403000619,125.556445,10.326273
2403000620,125.5565579,10.3260385
2403000621,125.5566108,10.3259309
2403000622,125.5563812,10.3281179
2403000623,125.5566081,10.3259137
2403000624,125.5560814,10.32609293
2403000626,125.5566176,10.3259366
2403000627,125.5565375,10.3260861
2403000628,125.5565197,10.3261461
2403000629,125.5564728,10.326251
2403000630,125.5563084,10.3266955
2403000686,125.5593153,10.3208761
2403000687,125.5594185,10.3208271
2403000688,125.5593972,10.3206627
2403000689,125.5593418,10.3208703
2403000690,125.5596223,10.3207415
2403000691,125.5580913,10.3231552
2403000692,125.5590979,10.3216374
2403000693,125.5593973,10.3205641
2403000694,125.5593733,10.3204527
2403000695,125.5580913,10.3231552
2403000696,125.559459,10.3200199
2403000697,125.5594779,10.3207295
2403000698,125.5596159,10.3208201
2403000699,125.5596008,10.320838
2403000700,125.5593852,10.3206463
2403000701,125.5593159,10.3208736
2403000702,125.5593215,10.320875
2403000705,125.5595755,10.3206397
2403000706,125.5596929,10.3207162
2403000707,125.5596929,10.3207162
2403000708,125.559454,10.3203888
2403000709,125.5594629,10.3205423
2403000710,125.5594682,10.3205421
2403000711,125.5594646,10.3205415
2403000712,125.5580913,10.3231552
2403000713,125.5580913,10.3231552
2403000714,125.5580913,10.3231552
2403000715,125.5580913,10.3231552
2403000716,125.5580913,10.3231552
2403000717,125.5580913,10.3231552
2403000718,125.5580913,10.3231552
2403000719,125.5580913,10.3231552
2403000720,125.5594571,10.3205362
2403000721,125.5596924,10.3206961
2403000722,125.5594662,10.3204863
2403000723,125.559221,10.3203102
2403000724,125.5594251,10.3204162
2403000725,125.5594668,10.3205234
2403000726,125.5594677,10.3205421
2403000727,125.559413,10.3205126
2403000728,125.5594613,10.3205323
2403000729,125.5594064,10.3205273
2403000730,125.5594553,10.3205354
2403000732,125.5594699,10.3205363
2403000733,125.5593464,10.320484
2403000735,125.5598152,10.3207706
2403000736,125.5594281,10.3205329
2403000737,125.5580913,10.3231552
2403000738,125.559107,10.3204034
2403000739,125.5591079,10.3204081
2403000742,125.5592293,10.3203175
2403000743,125.5593003,10.3203454
2403000744,125.559328,10.3203686
2403000746,125.559462,10.3200275
2403000747,125.5594411,10.3200991
2403000748,125.5594498,10.3200991
2403000749,125.559422,10.3200432
2403000752,125.5594218,10.321248
2403000753,125.5594259,10.3212519
2403000756,125.5591071,10.3204026
2403000757,125.5594273,10.3212486
2403000758,125.5594098,10.3212883
2403000759,125.5590436,10.3216127
2403000760,125.5519471,10.30773
2403000763,125.5580913,10.3231552
2403000764,125.5580913,10.3231552
2403000765,125.5580913,10.3231552
2403000767,125.5580913,10.3231552
2403000768,125.5580913,10.3231552
2403000769,125.5580913,10.3231552
2403000770,125.5645867,10.3134417
2403000772,125.5635267,10.3133833
2403000773,125.5594032,10.32065892
2403000774,125.5580913,10.3231552
2403000866,125.5594592,10.3200161
2403000867,125.5594775,10.3200282
2403000869,125.5582494,10.3196381
2403000870,125.5582572,10.3196337
2403000871,125.5582314,10.3196234
2403000872,125.5582523,10.3196354
2403000873,125.5582441,10.3196343
2403000874,125.5581873,10.3195915
2403000875,125.5581885,10.3195986
2403000876,125.5581832,10.3195943
2403000877,125.5582529,10.3196403
2403000878,125.5579804,10.319524
2403000879,125.5581744,10.3195899
2403000880,125.5582486,10.3196371
2403000881,125.5582329,10.319625
2403000883,125.5570915,10.3192293
2403000884,125.557015,10.3192448
2403000885,125.5582441,10.3196385
2403000886,125.557177,10.3193083
2403000887,125.5570212,10.3190865
2403000888,125.5570376,10.3191268
2403000889,125.5570325,10.3191287
2403000890,125.557039,10.3191914
2403000891,125.557032,10.3192253
2403000892,125.5629452,10.30903886
2403000893,125.5570606,10.3192131
2403000894,125.5570501,10.3192158
2403000895,125.5570534,10.3191983
2403000896,125.5570315,10.3192158
2403000897,125.5570543,10.3192145
2403000898,125.558051,10.3196868
2403000899,125.5570583,10.319199
2403000900,125.5570119,10.3192363
2403000901,125.5570324,10.3192314
2403000902,125.5570557,10.3192148
2403000903,125.5570355,10.3190832
2403000904,125.5570226,10.3190927
2403000905,125.5582479,10.3192489
2403000906,125.5570469,10.3192143
2403000907,125.5570489,10.31921
2403000908,125.557058,10.319195
2403000909,125.5580238,10.3192416
2403000910,125.557129,10.3191031
2403000911,125.5570392,10.3192177
2403000912,125.5570457,10.3191793
2403000917,125.5581732,10.3192651
2403000919,125.5582104,10.3193259
2403000920,125.558242,10.319166
2403000921,125.5583179,10.3190162
2403000922,125.5580987,10.3187644
2403000925,125.5847636,10.3168268
2403000926,125.5581282,10.3191924
2403000927,125.558115,10.3192483
2403000928,125.5579415,10.3191527
2403000929,125.5580429,10.3193054
2403000930,125.5579938,10.3192623
2403000932,125.5581318,10.318753
2403000933,125.5581407,10.3187573
2403000934,125.5581081,10.3195371
2403000935,125.5581118,10.3195371
2403000997,125.5558515,10.3297337
2403000998,125.5558018,10.3296927
2403000999,125.5558449,10.3297241
2403001000,125.5558469,10.3297237
2403001001,125.5485043,10.31794854
2403001002,125.555847,10.3297224
2403001004,125.548539,10.3179621
2403001005,125.5558504,10.3297281
2403001006,125.5558132,10.3296328
2403001007,125.5558452,10.3297247
2403001008,125.5584333,10.3275625
2403001009,125.5584333,10.3275625
2403001010,125.5584333,10.3266724
2403001012,125.5584333,10.3275625
2403001013,125.5577797,10.32590939
2403001015,125.5584333,10.3266724
2403001016,125.5584333,10.3275625
2403001017,125.5558466,10.3297273
2403001020,125.5557993,10.3294279
2403001021,125.5558235,10.3295666
2403001022,125.55562,10.32938
2403001023,125.5558433,10.329405
2403001051,125.55749,10.3251833
2403001052,125.5574867,10.3252967
2403001053,125.5572617,10.324915
2403001054,125.5573467,10.3248983
2403001055,125.5570767,10.3255233
2403001056,125.5571667,10.32547
2403001057,125.5571667,10.32547
2403001058,125.5567467,10.3260233
2403001059,125.5570417,10.32596
2403001060,125.5570417,10.32596
2403001061,125.5570417,10.32596
2403001062,125.55747,10.3255733
2403001063,125.5571533,10.32571
2403001064,125.5568,10.326465
2403001065,125.5567517,10.3261117
2403001066,125.556755,10.326195
2403001067,125.556755,10.326195
2403001068,125.556755,10.326195
2403001069,125.5573667,10.3267633
2403001095,125.5580913,10.3231552
2403001096,125.55768,10.3257077
2403001097,125.5572356,10.3255544
2403001098,125.5574696,10.3257709
2403001099,125.5572219,10.3255529
2403001100,125.5575782,10.3256757
2403001101,125.5573897,10.3256158
2403001103,125.5574834,10.3256512
2403001104,125.557406,10.3252542
2403001105,125.5574843,10.325668
2403001106,125.5575213,10.3253104
2403001108,125.5574701,10.3251424
2403001109,125.5574718,10.3251742
2403001110,125.5574719,10.3251526
2403001111,125.5574728,10.3251711
2403001112,125.5574694,10.3251572
2403001113,125.5576743,10.3257074
2403001114,125.557548,10.3255932
2403001115,125.5575998,10.3256713
2403001116,125.5576507,10.3256746
2403001117,125.5576447,10.3256798
2403001118,125.5576515,10.3256912
2403001119,125.5580913,10.3231552
2403001120,125.5580913,10.3231552
2403001121,125.5580913,10.3231552
2403001122,125.5603342,10.3273069
2403001123,125.5603566,10.3272623
2403001124,125.5603439,10.327289
2403001125,125.5580913,10.3231552
2403001126,125.5580913,10.3231552
2403001127,125.5580913,10.3231552
2403001128,125.5580913,10.3231552
2403001129,125.5578222,10.3257469
2403001130,125.5578222,10.3257469
2403001132,125.5577763,10.3257329
2403001179,125.5582149,10.3189505
2403001186,125.5565324,10.3188816
2403001187,125.5564901,10.3188497
2403001188,125.5563617,10.3185883
2403001189,125.5563088,10.3186197
2403001190,125.5563258,10.3186289
2403001191,125.5565298,10.3188812
2403001194,125.5581833,10.3193183
2403001195,125.5581503,10.3187144
2403001224,125.5285905,10.2829627
2403001225,125.52671,10.28348167
2403001226,125.526895,10.28375667
2403001230,125.5349183,10.28907
2403001231,125.5350867,10.289175
2403001232,125.53684,10.2905783
2403001233,125.5356233,10.288955
2403001234,125.5368407,10.29057049
2403001235,125.5368428,10.29056844
2403001236,125.5352283,10.28929
2403001237,125.53512,10.288865
2403001238,125.535185,10.289045
2403001239,125.5351583,10.2889617
2403001240,125.5368378,10.29057592
2403001241,125.535165,10.2890683
2403001242,125.5351367,10.28921
2403001243,125.53481,10.28953
2403001244,125.5354183,10.2894283
2403001245,125.5351567,10.28926
2403001246,125.5352833,10.2890933
2403001247,125.5352517,10.2892233
2403001248,125.53573,10.2893067
2403001249,125.53536,10.2891633
2403001250,125.5351183,10.2892883
2403001251,125.5351667,10.2892983
2403001252,125.535235,10.28919
2403001253,125.5348117,10.2892983
2403001254,125.52807,10.2915267
2403001256,125.53484,10.2852033
2403001257,125.5351367,10.2892967
2403001258,125.5350717,10.2891217
2403001259,125.53509,10.28945
2403001260,125.53484,10.28923
2403001261,125.53514,10.289305
2403001262,125.5352883,10.2889133
2403001263,125.5351983,10.289325
2403001264,125.5350467,10.28971
2403001265,125.53507,10.2892067
2403001266,125.5353433,10.2892233
2403001267,125.5349233,10.289275
2403001268,125.53483,10.2892717
2403001269,125.5349367,10.289245
2403001270,125.5290074,10.2830594
2403001271,125.5348783,10.2890817
2403001314,125.5290283,10.2837933
2403001315,125.5282333,10.2832417
2403001316,125.5286984,10.28304232
2403001317,125.5287517,10.2832883
2403001318,125.5289618,10.2830896
2403001319,125.52891,10.2837667
2403001320,125.5287817,10.283325
2403001321,125.5282917,10.28335
2403001322,125.529305,10.2830733
2403001323,125.5287076,10.28307388
2403001324,125.5291817,10.2829417
2403001325,125.5294667,10.2831517
2403001326,125.5287002,10.28305539
2403001327,125.5288683,10.2828383
2403001345,125.5594747,10.320063
2403001346,125.5594624,10.3200456
2403001347,125.5594693,10.3200446
2403001348,125.5593015,10.3197891
2403001349,125.5594267,10.32001
2403001350,125.5594138,10.3199688
2403001351,125.5590855,10.3195875
2403001352,125.5590915,10.3195949
2403001353,125.5592939,10.3197663
2403001354,125.5593267,10.3198224
2403001355,125.5594396,10.3199301
2403001356,125.5594319,10.3199338
2403001357,125.5591961,10.3197281
2403001358,125.5594651,10.3200804
2403001359,125.5593077,10.319792
2403001381,125.5635449,10.30890405
2403001382,125.5593376,10.3198282
2403001383,125.5593455,10.3198245
2403001384,125.5591565,10.3196979
2403001385,125.5593128,10.3197563
2403001386,125.5593268,10.3198064
2403001387,125.5594792,10.3200711
2403001389,125.5589933,10.3203533
2403001403,125.5581474,10.3187154
2403001404,125.5581526,10.3187186
2403001405,125.5581503,10.3187144
2403001406,125.5581796,10.3188221
2403001407,125.5581497,10.3187852
2403001408,125.5581882,10.3188292
2403001409,125.5561855,10.318369
2403001410,125.5590491,10.319608
2403001411,125.5637033,10.30888658
2403001412,125.5637482,10.30891068
2403001413,125.5580913,10.3231552
2403001414,125.5637455,10.30885165
2403001415,125.5317002,10.3232666
2403001416,125.5317829,10.3232218
2403001418,125.5316868,10.3232707
2403001419,125.5316901,10.3232714
2403001420,125.531687,10.3232718
2403001422,125.5318391,10.3232141
2403001423,125.5318518,10.3232176
2403001445,125.5587753,10.3242557
2403001446,125.5587753,10.3242557
2403001448,125.5316874,10.323272
2403001449,125.5316896,10.3232716
2403001450,125.5288067,10.32193
2403001451,125.5305261,10.3223429
2403001452,125.5317709,10.3232261
2403001453,125.5318559,10.3232131
2403001466,125.555793,10.3293875
2403001467,125.5476795,10.3222219
2403001468,125.5580913,10.3231552
2403001469,125.5476746,10.3222172
2403001470,125.5476711,10.3222233
2403001471,125.5638274,10.30889004
2403001473,125.5638934,10.30881484
2403001474,125.5580913,10.3231552
2403001475,125.5570234,10.3253624
2403001476,125.5580913,10.3231552
2403001477,125.5580913,10.3231552
2403001478,125.5580913,10.3231552
2403001479,125.555872,10.327696
2403001480,125.5580913,10.3231552
2404000001,125.5581001,10.3195293
2404000002,125.5584333,10.3275625
2404000005,125.556306,10.3196494
2404000006,125.563364,10.3089866
2404000009,125.5187807,10.3091572
2404000010,125.5188225,10.3091044
2404000011,125.5188272,10.3091139
2404000012,125.5188163,10.3091299
2404000013,125.518783,10.3091639
2404000014,125.5187863,10.3091549
2404000015,125.518768,10.3091845
2404000016,125.5188113,10.3091284
2404000017,125.5187681,10.3091778
2404000018,125.5188059,10.309132
2404000019,125.5187715,10.3091661
2404000020,125.5188002,10.3091438
2404000022,125.5187085,10.3093398
2404000023,125.5187296,10.3092732
2404000024,125.5187376,10.3092535
2404000025,125.5187401,10.3092589
2404000026,125.5187395,10.3092563
2404000027,125.5187412,10.3092531
2404000028,125.5187368,10.3092096
2404000029,125.5186507,10.3095781
2404000030,125.5186397,10.3095923
2404000031,125.5186442,10.3095925
2404000032,125.5186437,10.3095976
2404000033,125.5186533,10.3095614
2404000034,125.5186418,10.3094921
2404000035,125.5186294,10.3094977
2404000036,125.5186162,10.3095104
2404000037,125.5187237,10.3092102
2404000038,125.5187067,10.3092333
2404000039,125.5187236,10.3092209
2404000040,125.5187801,10.3091623
2404000041,125.5186608,10.3094582
2404000042,125.5188967,10.309155
2404000043,125.5188175,10.3091228
2404000044,125.5188125,10.3091236
2404000045,125.5188201,10.3091234
2404000046,125.5187747,10.3091794
2404000047,125.5195227,10.3088549
2404000048,125.5195668,10.3088551
2404000049,125.5195401,10.30885
2404000050,125.5187735,10.3091311
2404000051,125.5195414,10.3090016
2404000052,125.5195223,10.3090409
2404000097,125.5388533,10.322815
2404000098,125.5582175,10.3195378
2404000102,125.5587753,10.3248491
2404000103,125.5476788,10.3222216
2404000104,125.5476809,10.3222225
2404000105,125.5476815,10.3222225
2404000106,125.547681,10.3222225
2404000107,125.5476746,10.3222172
2404000108,125.5476808,10.3222225
2404000109,125.5476809,10.3222232
2404000110,125.5476788,10.3222216
2404000111,125.5476788,10.3222216
2404000113,125.5559612,10.3305034
2404000115,125.5594156,10.3212679
2404000116,125.5587753,10.3242557
2404000117,125.5587753,10.3242557
2404000118,125.5594369,10.3212614
2404000119,125.5594593,10.3244662
2404000137,125.5555983,10.320135
2404000139,125.563966,10.30890519
2404000140,125.555775,10.31984
2404000144,125.518778,10.30913119
2404000146,125.5284722,10.28317624
2404000148,125.5286083,10.28319011
2404000149,125.5392133,10.29150114
2404000152,125.5187877,10.30913129
2404000153,125.5187926,10.3091304
2404000155,125.5286083,10.2831324
2404000156,125.5187972,10.30913066
2404000157,125.5332828,10.29103258
2404000158,125.5188023,10.30912977
2404000159,125.5264335,10.29075293
2404000160,125.5188038,10.30912657
2404000161,125.5286028,10.28310083
2404000162,125.5286727,10.28311088
2404000163,125.5278715,10.28651977
2404000164,125.5188102,10.30912634
2404000165,125.5188116,10.3091233
2404000166,125.529357,10.29007091
2404000167,125.5188144,10.30912026
2404000169,125.5188187,10.3091241
2404000170,125.518823,10.309114
2404000173,125.5188132,10.3091223
2404000174,125.5188201,10.3091143
2404000175,125.5188239,10.3091083
2404000176,125.5195314,10.3088373
2404000177,125.5195492,10.3088192
2404000178,125.5193737,10.3088829
2404000179,125.5188394,10.3090958
2404000180,125.5189438,10.3085672
2404000181,125.5188779,10.3089398
2404000182,125.5187927,10.3092327
2404000184,125.5187944,10.3091536
2404000185,125.5188191,10.3091155
2404000186,125.5188191,10.3091155
2404000187,125.5188214,10.309117
2404000188,125.5187439,10.3092949
2404000235,125.5560154,10.3196141
2404000236,125.5634472,10.30896986
2404000237,125.5634234,10.30892772
2404000238,125.5572946,10.3253339
2404000239,125.5560145,10.3196145
2404000240,125.5594588,10.3199796
2404000241,125.5554917,10.3196217
2404000247,125.5630339,10.30888135
2404000248,125.5632334,10.30877835
2404000258,125.5656267,10.31456
2404000259,125.5669733,10.31559
2404000260,125.5673217,10.315555
2404000261,125.5730717,10.3049383
2404000262,125.573605,10.3056933
2404000268,125.5594305,10.3212591
2404000271,125.5594742,10.3199933
2404000277,125.5571625,10.3255136
2404000278,125.5594696,10.3199769
2404000279,125.5560547,10.319654
2404000280,125.5562646,10.3196405
2404000281,125.5563143,10.3196503
2404000282,125.5562795,10.3196449
2404000283,125.5563058,10.3196476
2404000284,125.5563203,10.3196553
2404000285,125.5563182,10.3196511
2404000287,125.5562901,10.319653
2404000288,125.5561965,10.3196409
2404000306,125.5580913,10.3231552
2404000307,125.5580913,10.3231552
2404000308,125.5580913,10.3237485
2404000309,125.559321,10.319819
2404000314,125.5582104,10.3192306
2404000315,125.5583124,10.319214
2404000316,125.5563114,10.3187995
2404000317,125.5563104,10.318796
2404000318,125.5562976,10.318764
2404000319,125.5563205,10.3187975
2404000320,125.5563124,10.3187928
2404000321,125.5563313,10.3187948
2404000322,125.5563621,10.318789
2404000323,125.556334,10.3187995
2404000324,125.5563174,10.3187992
2404000325,125.5590018,10.3195468
2404000326,125.5590232,10.3195303
2404000327,125.5590389,10.319581
2404000328,125.5590358,10.3195617
2404000329,125.5590373,10.3195842
2404000350,125.5594588,10.3208366
2404000351,125.5591172,10.3196466
2404000352,125.5590513,10.3196136
2404000353,125.5587812,10.3175855
2404000354,125.5635277,10.30888182
2404000355,125.55843,10.3193519
2404000364,125.5561746,10.318351
2404000366,125.5562735,10.3186951
2404000367,125.5563306,10.3188267
2404000368,125.5563384,10.3188065
2404000369,125.5563246,10.3188012
2404000370,125.5563273,10.3187975
2404000371,125.556371,10.3187946
2404000372,125.5635779,10.30890852
2404000373,125.559092,10.3196147
2404000374,125.5583084,10.3190536
2404000375,125.5590644,10.3195719
2404000376,125.5589737,10.3195072
2404000377,125.5594109,10.32065581
2404000392,125.5557614,10.3198327
2404000393,125.5581149,10.3195338
2404000394,125.5580913,10.3231552
2503000001,125.528789,10.2834559
2503000002,125.5289262,10.2829396
2402000311,125.5535767,10.3460233
2402000313,125.5537417,10.34633
2402000315,125.5534547,10.3475616
2402000317,125.5536877,10.3470863
2402000320,125.5847636,10.3171234
2402000322,125.5844317,10.3186183
2402000324,125.584764,10.3189748
2402000328,125.5915467,10.3129183
2402000330,125.5893517,10.3166433
2402000331,125.5861133,10.318025
2402000334,125.5825033,10.3167283
2402000336,125.584895,10.3195133
2402000338,125.58473,10.3194
2402000340,125.5858183,10.3178067
2402000342,125.5849583,10.3192317
2402000344,125.5534331,10.3474709
2402000346,125.5478142,10.31772349
2402000348,125.5609278,10.31689045
2402000350,125.547857,10.3177167
2402000352,125.5478902,10.31770803
2402000354,125.5586123,10.31628547
2402000356,125.5479103,10.31770715
2402000360,125.5636616,10.31614224
2402000362,125.5559773,10.31615182
2402000366,125.559251,10.31570395
2402000370,125.5477546,10.31773241
2402000372,125.5477747,10.31772902
2402000374,125.5479438,10.31770375
2402000376,125.5590416,10.31282582
2402000378,125.5605176,10.314447
2402000380,125.556408,10.33973978
2402000382,125.5535117,10.3475734
2402000387,125.5535361,10.3477497
2402000389,125.5535256,10.3477663
2402000392,125.5535277,10.3479609
2402000394,125.6236195,10.2608605
2402000396,125.6240717,10.2602617
2402000398,125.6261774,10.2593177
2402000400,125.6261714,10.2593139
2402000403,125.6234833,10.260525
2402000405,125.623655,10.2608333
2402000407,125.6236242,10.2608602
2402000409,125.624035,10.259905
2402000413,125.623735,10.2610917
2402000416,125.62356,10.2609783
2402000418,125.546937,10.31778519
2402000422,125.547739,10.31773957
2402000424,125.6239633,10.26048
2402000426,125.6228233,10.2616417
2402000428,125.6228583,10.2615933
2402000430,125.6229367,10.2616983
2402000432,125.6229933,10.26141
2402000434,125.6224183,10.2617583
2402000436,125.622545,10.2620917
2402000438,125.6226367,10.2621217
2402000440,125.622125,10.2624583
2402000442,125.620912,10.25584839
2402000444,125.6209507,10.25590687
2402000446,125.6209625,10.25594401
2402000448,125.6209373,10.25588553
2402000450,125.6209978,10.25588627
2402000452,125.62325,10.2611683
2402000454,125.5641619,10.31673976
2402000457,125.5532102,10.34660781
2402000459,125.5533332,10.34665513
2402000461,125.553404,10.34657013
2402000463,125.5531878,10.3463425
2402000465,125.5534066,10.34645147
2402000467,125.5538177,10.34636964
2402000469,125.5531633,10.34632048
2402000471,125.5535182,10.34636386
2402000473,125.5534612,10.34641043
2402000475,125.5538127,10.34612491
2402000477,125.5533816,10.34628431
2402000480,125.5535363,10.34635992
2402000482,125.5536073,10.34788346
2402000485,125.5530684,10.34826732
2402000487,125.5532317,10.34796149
2402000489,125.5531523,10.34807462
2402000491,125.5533382,10.34821939
2402000493,125.5531191,10.34849332
2402000495,125.5529402,10.34862698
2402000498,125.5529313,10.34829248
2402000500,125.5527372,10.34854605
2402000503,125.5529093,10.34842883
2402000505,125.5525755,10.34836284
2402000507,125.5528484,10.34859814
2402000510,125.5528237,10.34841864
2402000512,125.5534103,10.34676289
2402000514,125.5531487,10.34871446
2402000516,125.5531505,10.34827556
2402000519,125.5531467,10.3480794
2402000521,125.5534369,10.3487956
2402000523,125.5532168,10.348284
2402000526,125.5536681,10.3475438
2402000528,125.5534581,10.3465174
2402000530,125.5535414,10.3475811
2402000532,125.553532,10.3475589
2402000534,125.5533379,10.3477734
2402000537,125.5533379,10.3477734
2402000539,125.5534152,10.3472807
2402000541,125.6207248,10.2562085
2402000543,125.6206766,10.2562379
2402000546,125.6206632,10.2563688
2402000548,125.6201488,10.2564024
2402000550,125.6207506,10.2565532
2402000552,125.6194909,10.2565333
2402000554,125.6209227,10.2564931
2402000556,125.6213585,10.2564026
2402000558,125.621396,10.2564391
2402000560,125.6208359,10.2564149
2402000562,125.619545,10.2567913
2402000564,125.620845,10.2562
2402000566,125.620845,10.2562
2402000568,125.620845,10.2562
2402000570,125.5444027,10.31820608
2402000572,125.6197067,10.256545
2402000574,125.5451726,10.3179711
2402000577,125.6209404,10.255984
2402000580,125.5461991,10.31798861
2402000583,125.6209167,10.2561965
2402000585,125.6209815,10.2561263
2402000587,125.6209713,10.2560801
2402000589,125.6209918,10.2561955
2402000592,125.6209806,10.2561641
2402000594,125.6209195,10.2561535
2402000596,125.6208833,10.2561211
2402000598,125.6208421,10.2561466
2402000601,125.6213685,10.2564014
2402000603,125.6212776,10.2564201
2402000605,125.6208408,10.2561475
2402000609,125.6206627,10.2562251
2402000612,125.6210836,10.2564205
2402000614,125.6208015,10.2561829
2402000617,125.6209653,10.256227
2402000619,125.6209844,10.2561804
2402000622,125.6209776,10.2561327
2402000625,125.6209721,10.2560397
2402000627,125.620885,10.255821
2402000629,125.620935,10.2559024
2402000632,125.6209894,10.2561266
2402000635,125.5477511,10.3177303
2402000637,125.6197331,10.25666959
2402000639,125.6208519,10.2557406
2402000641,125.6208948,10.2558065
2402000643,125.6206754,10.2554757
2402000645,125.6206261,10.2553842
2402000647,125.6209922,10.2562686
2402000651,125.594678,10.2998614
2402000653,125.594678,10.2998614
2402000655,125.5847636,10.3171234
2402000657,125.5827122,10.3182718
2402000662,125.6022671,10.29930813
2402000664,125.594678,10.2998614
2402000668,125.594678,10.2998614
2402000670,125.5847668,10.3171225
2402000672,125.584772,10.31711889
2402000675,125.5847636,10.3171234
2402000677,125.6023849,10.2991831
2402000678,125.6008415,10.3029467
2402000680,125.594678,10.2998614
2402000683,125.594678,10.2998614
2402000685,125.6023996,10.29911333
2402000687,125.5874987,10.3129232
2402000689,125.5847636,10.3171234
2402000691,125.594678,10.2998614
2402000693,125.5847748,10.31711766
2402000695,125.5874987,10.3129232
2402000697,125.594678,10.2998614
2402000699,125.6014687,10.3023557
2402000701,125.6014536,10.3023754
2402000703,125.5851055,10.3197496
2402000706,125.5874987,10.3129232
2402000708,125.5847636,10.3171234
2402000710,125.601173,10.2934109
2402000713,125.5871569,10.3135594
2402000715,125.5847636,10.3171234
2402000718,125.6025118,10.29887412
2402000720,125.601173,10.2934109
2402000723,125.5847768,10.31711479
2402000725,125.5485805,10.31796159
2402000728,125.5871569,10.3159319
2402000730,125.5864731,10.294668
2402000732,125.5864731,10.294668
2402000734,125.601173,10.2934109
2402000736,125.5847636,10.3171234
2402000737,125.601173,10.2934109
2402000738,125.5847636,10.3171234
2402000740,125.6025289,10.29883895
2402000747,125.5633891,10.30890896
2402000749,125.5580913,10.3237485
2402000751,125.563438,10.30892267
2402000753,125.5634802,10.30888125
2402000755,125.5580913,10.3237485
2402000757,125.5526406,10.3484915
2402000760,125.5534175,10.3476382
2402000762,125.5533104,10.3478508
2402000764,125.5532562,10.3480735
2402000766,125.5531781,10.3481919
2402000768,125.553268,10.3478823
2402000771,125.553214,10.348196
2402000773,125.6262215,10.2593108
2402000775,125.6262231,10.2593128
2402000778,125.6265283,10.2592742
2402000780,125.6264278,10.2592589
2402000782,125.62623,10.2593116
2402000784,125.6262295,10.2593119
2402000786,125.626185,10.2593317
2402000788,125.6260761,10.2593217
2402000790,125.6255021,10.2594028
2402000792,125.6255057,10.2594016
2402000794,125.6255031,10.2594038
2402000797,125.5188362,10.30918582
2402000799,125.5187933,10.30913088
2402000801,125.6224397,10.26173824
2402000803,125.6254953,10.2594026
2402000806,125.6254953,10.2594026
2402000808,125.6254953,10.2594026
2402000810,125.62475,10.2597217
2402000812,125.62475,10.2597217
2402000814,125.5187886,10.30913128
2402000816,125.6236178,10.2608616
2402000818,125.6209726,10.25596792
2402000820,125.6202696,10.25664128
2402000822,125.5390454,10.31825885
2402000824,125.5401682,10.31827635
2402000826,125.6205925,10.25649249
2402000828,125.58955,10.2945773
2402000830,125.6254976,10.2593988
2402000833,125.6255025,10.2594028
2402000835,125.6256937,10.2593598
2402000837,125.5408739,10.31835698
2402000840,125.6208394,10.2561437
2402000842,125.6195961,10.2568026
2402000846,125.5557579,10.3273591
2402000848,125.5580544,10.32589346
2402000850,125.5584333,10.3275625
2402000853,125.5557776,10.3274685
2402000856,125.5556692,10.3275914
2402000859,125.5556705,10.3275805
2402000862,125.5557712,10.3296835
2402000864,125.5558005,10.3295062
2402000866,125.5584333,10.3275625
2402000868,125.5558002,10.3281464
2402000870,125.5557565,10.3295113
2402000872,125.5557663,10.3295597
2402000874,125.5580913,10.3267155
2402000876,125.5578463,10.32592439
2402000878,125.5580913,10.3267155
2402000880,125.5557146,10.3272547
2402000882,125.5557888,10.3295843
2402000884,125.6025482,10.2987487
2402000886,125.6024782,10.2987301
2402000888,125.6021,10.2984033
2402000890,125.6022933,10.2982967
2402000892,125.601785,10.298375
2402000894,125.6024418,10.2988174
2402000896,125.6026908,10.298601
2402000898,125.6023919,10.2986975
2402000900,125.6024965,10.2987166
2402000902,125.6023108,10.2992085
2402000904,125.602309,10.2992137
2402000906,125.6026051,10.29884
2402000910,125.60221,10.29958
2402000912,125.602539,10.29881944
2402000914,125.602345,10.2990067
2402000916,125.6021217,10.29915
2402000918,125.60218,10.29903
2402000920,125.60138,10.2989133
2402000922,125.6025917,10.29849
2402000925,125.602505,10.2990883
2402000927,125.602215,10.299015
2402000929,125.6006633,10.30087
2402000931,125.6022267,10.2985967
2402000933,125.6024712,10.2987445
2402000935,125.6025607,10.2986769
2402000939,125.6022725,10.298362
2402000942,125.6025066,10.2987055
2402000944,125.5966967,10.2907133
2402000945,125.5963167,10.2886267
2402000948,125.602385,10.298325
2402000952,125.5534377,10.3474568
2402000954,125.5536953,10.3471989
2402000956,125.5534611,10.347576
2402000958,125.5534646,10.3475684
2402000960,125.5534538,10.3475667
2402000962,125.5535842,10.3466691
2402000966,125.5535555,10.3476054
2402000968,125.5535473,10.347602
2402000970,125.5535438,10.3477449
2402000975,125.5535773,10.3475285
2402000977,125.6211895,10.256341
2402000979,125.6204629,10.2565477
2402000981,125.619483,10.2559826
2402000983,125.6194269,10.2565356
2402000985,125.6191784,10.2559368
2402000989,125.6191802,10.2559375
2402000991,125.619174,10.2559375
2402000993,125.619174,10.2559375
2402000995,125.6021467,10.300195
2402000998,125.6022148,10.3000356
2402001000,125.6021396,10.3001312
2402001002,125.602189,10.2996745
2402001006,125.6022547,10.2993808
2402001008,125.6022602,10.2993679
2402001010,125.6021775,10.299676
2402001012,125.6021724,10.3003406
2402001014,125.6022749,10.2993689
2402001016,125.6022427,10.2994153
2402001018,125.6022448,10.2994289
2402001020,125.6023393,10.2991858
2402001022,125.6021482,10.3003211
2402001024,125.6020917,10.3002064
2402001028,125.6020959,10.3002082
2402001030,125.6022181,10.3004114
2402001032,125.6022281,10.3004777
2402001033,125.602237,10.3005384
2402001035,125.60249,10.29883367
2402001037,125.6022122,10.3004409
2402001039,125.6022207,10.3005154
2402001041,125.5847802,10.31711224
2402001044,125.5847636,10.3171234
2402001046,125.6022145,10.3004132
2402001048,125.6022296,10.3003617
2402001051,125.620819,10.2564653
2402001053,125.6195398,10.256811
2402001055,125.6196797,10.2562643
2402001057,125.6194267,10.2561659
2402001059,125.6194785,10.2560028
2402001061,125.6196041,10.2568117
2402001063,125.587427,10.3131797
2402001067,125.587427,10.3131797
2402001069,125.587427,10.3131797
2402001071,125.587427,10.3131797
2402001073,125.587427,10.3131797
2402001075,125.587427,10.3131797
2402001077,125.587427,10.3131797
2402001079,125.587427,10.3131797
2402001082,125.587427,10.3131797
2402001086,125.602282,10.29919744
2402001088,125.6022968,10.29918254
2402001091,125.6023077,10.29916687
2402001093,125.6022057,10.29915963
2402001095,125.6021932,10.29920757
2402001097,125.602201,10.29919037
2402001099,125.6022687,10.29920613
2402001102,125.587427,10.3131797
2402001104,125.587427,10.3131797
2402001106,125.587427,10.3131797
2402001108,125.587427,10.3131797
2402001110,125.587427,10.3131797
2402001112,125.587427,10.3131797
2402001116,125.587427,10.3131797
2402001118,125.587427,10.3131797
2402001120,125.587427,10.3131797
2402001122,125.587427,10.3131797
2402001124,125.587427,10.3131797
2402001127,125.6022049,10.29913016
2402001129,125.6023256,10.29913442
2402001131,125.6022103,10.29911339
2402001135,125.6023342,10.29912147
2402001138,125.6022158,10.29908128
2402001140,125.6023482,10.29909857
2402001143,125.6022189,10.2990668
2402001146,125.6023607,10.29907796
2402001148,125.6022259,10.29905309
2402001151,125.6023677,10.29904585
2402001153,125.6022314,10.29902252
2402001155,125.5747657,10.30307151
2402001157,125.6022298,10.29902184
2402001162,125.6022002,10.29918969
2402001164,125.6022797,10.29920544
2402001167,125.6021963,10.29917445
2402001169,125.6022968,10.29918483
2402001173,125.602201,10.2991661
2402001175,125.6023124,10.29915656
2402001177,125.6020886,10.3002046
2402001179,125.6020886,10.3002046
2402001181,125.6020972,10.3001992
2402001184,125.5594074,10.32065786
2402001186,125.6020935,10.3001973
2402001188,125.6020529,10.3003492
2402001190,125.6021349,10.3005662
2402001192,125.6021288,10.300574
2402001195,125.602571,10.3000503
2402001197,125.6020903,10.3002044
2402001199,125.6020903,10.3002044
2402001203,125.5874987,10.3129232
2402001205,125.60209,10.3002103
2402001209,125.6021399,10.3004961
2402001212,125.6020954,10.3003486
2402001214,125.6022547,10.2996154
2402001216,125.6022514,10.2996016
2402001218,125.6020164,10.3004783
2402001222,125.5573402,10.3257107
2402001224,125.5573776,10.3256355
2402001226,125.5507725,10.31964328
2402001229,125.5575144,10.3265091
2402001231,125.5575143,10.3265073
2402001233,125.5575053,10.3265025
2402001235,125.5575134,10.3265049
2402001237,125.5575075,10.3265067
2402001239,125.557389,10.326527
2402001241,125.5604783,10.3270987
2402001243,125.557292,10.3261232
2402001245,125.5572347,10.3261007
2402001247,125.5573782,10.3256372
2402001249,125.5575167,10.3265248
2402001252,125.5572572,10.3265789
2402001254,125.5555532,10.3275706
2402001256,125.5572198,10.3265483
2402001258,125.5571968,10.3264991
2402001260,125.5574357,10.3265139
2402001262,125.5573793,10.3265513
2402001265,125.5588588,10.3273693
2402001267,125.6024431,10.2990013
2402001268,125.6024494,10.2989191
2402001269,125.6023718,10.299003
2402001270,125.6026421,10.2988191
2402001271,125.6026472,10.2988017
2402001272,125.6026079,10.2988418
2402001274,125.602624,10.2988267
2402001275,125.6026106,10.2988157
2402001276,125.6027389,10.2986096
2402001277,125.6027769,10.2984554
2402001278,125.6026897,10.2986209
2402001281,125.6027506,10.2984534
2402001282,125.6024745,10.2986475
2402001283,125.626806,10.2590732
2402001284,125.6032507,10.2972788
2402001285,125.6032483,10.2972801
2402001286,125.6027447,10.2985143
2402001287,125.5968376,10.291149
2402001288,125.5963799,10.2905215
2402001290,125.6021469,10.2987875
2402001318,125.6218558,10.2561802
2402001319,125.6218275,10.2562111
2402001320,125.6216674,10.2563213
2402001321,125.6216377,10.2562519
2402001322,125.6218619,10.2561506
2402001323,125.6220247,10.2560776
2402001324,125.6222784,10.2559964
2402001325,125.6224455,10.2560614
2402001326,125.6229337,10.2562069
2402001327,125.6221097,10.2559629
2402001328,125.6221033,10.2559412
2402001329,125.6215385,10.2563559
2402001330,125.6221352,10.2559593
2402001331,125.622127,10.2559411
2402001332,125.6222155,10.2559671
2402001333,125.6221065,10.25594
2402001334,125.6218069,10.2562114
2402001335,125.6221291,10.2559387
2402001336,125.621465,10.256389
2402001337,125.6217562,10.2562393
2402001338,125.6218082,10.2562174
2402001339,125.6215579,10.2563132
2402001366,125.6213984,10.2564343
2402001367,125.6185833,10.2557546
2402001368,125.6195658,10.2563711
2402001369,125.6194578,10.256623
2402001370,125.6213751,10.2564373
2402001371,125.6195228,10.2560456
2402001373,125.6195229,10.2560346
2402001382,125.6214,10.2564182
2402001383,125.6212816,10.2558281
2402001384,125.6212448,10.2560399
2402001385,125.6212391,10.2559442
2402001386,125.6214452,10.2559903
2402001387,125.6214523,10.2559929
2402001388,125.6191905,10.25592929
2402001389,125.6214786,10.255733
2402001390,125.6208568,10.2557428
2402001391,125.6209377,10.2558363
2402001392,125.6207759,10.2557119
2402001393,125.6208034,10.255724
2402001394,125.6208792,10.2559203
2402001395,125.6209372,10.2560667
2402001396,125.6208681,10.2558387
2402001397,125.6209916,10.256216
2402001398,125.6209783,10.2560961
2402001399,125.6205479,10.2552484
2402001400,125.6205473,10.2552228
2402001401,125.6205617,10.2552599
2402001402,125.6205567,10.2552644
2402001403,125.6207951,10.2556672
2402001404,125.6205941,10.2552968
2402001405,125.6206874,10.2554494
2402001406,125.620813,10.2556187
2402001407,125.6208629,10.2557582
2402001408,125.6208014,10.2557157
2402001409,125.6228514,10.2561511
2402001410,125.6216609,10.2559305
2402001442,125.6221237,10.2559336
2402001443,125.6221237,10.2559336
2402001444,125.6228076,10.2561787
2402001445,125.6228816,10.2561723
2402001446,125.6228535,10.2561805
2402001447,125.623005,10.2561538
2402001448,125.6229141,10.256171
2402001449,125.6221082,10.2559162
2402001450,125.6229437,10.2561539
2402001451,125.6221674,10.2559669
2402001452,125.6226893,10.2560728
2402001453,125.6228278,10.2561762
2402001454,125.5477567,10.31772908
2402001455,125.6228503,10.2561749
2402001456,125.6221204,10.2559387
2402001457,125.6221305,10.2559412
2402001458,125.6221069,10.2559516
2402001459,125.6221379,10.2559422
2402001460,125.6221774,10.2559719
2402001461,125.6221495,10.2559182
2402001462,125.6221326,10.2559414
2402001463,125.6220795,10.2559056
2402001489,125.5534081,10.347283
2402001490,125.55353,10.3477578
2402001493,125.5854474,10.3208928
2402001496,125.5816865,10.3323425
2402001497,125.5837379,10.3193289
2402001498,125.5837379,10.3193289
2402001499,125.5837379,10.3193289
2402001500,125.5842764,10.31911512
2402001501,125.5842854,10.31911392
2402001502,125.5843465,10.31916203
2402001503,125.5861312,10.2985654
2402001504,125.5837379,10.3193289
2402001506,125.5837379,10.3193289
2402001508,125.58473,10.3253567
2402001509,125.5848533,10.3254933
2402001510,125.5881825,10.3214376
2402001512,125.5841427,10.31900138
2402001513,125.5851379,10.3263314
2402001514,125.5851378,10.3263305
2402001515,125.58434,10.31911758
2402001516,125.585075,10.32773
2402001518,125.5842183,10.3191091
2402001519,125.5841162,10.31900034
2402001548,125.586815,10.3210169
2402001549,125.5837379,10.3193289
2402001550,125.5837379,10.3193289
2402001551,125.5841963,10.3191125
2402001552,125.5837379,10.3193289
2402001553,125.5842088,10.31911129
2402001554,125.58601,10.32421833
2402001555,125.58601,10.32421833
2402001557,125.58601,10.32421833
2402001558,125.58601,10.32421833
2402001559,125.58601,10.32421833
2402001560,125.58601,10.32421833
2402001561,125.58601,10.32421833
2402001562,125.58601,10.32421833
2402001564,125.58601,10.32421833
2402001565,125.58601,10.32421833
2402001566,125.5842954,10.31911025
2402001567,125.5847636,10.3171234
2402001568,125.5864731,10.3000049
2402001569,125.5847636,10.3171234
2402001570,125.5847636,10.3171234
2402001571,125.5854633,10.32392667
2402001572,125.5842308,10.3191079
2402001573,125.5820284,10.331706
2402001574,125.5842424,10.31910472
2402001575,125.5843485,10.31914287
2402001577,125.5854474,10.316444
2402001578,125.586815,10.3207204
2402001579,125.5854474,10.316444
2402001580,125.5854474,10.316444
2402001581,125.5854474,10.316444
2402001618,125.556865,10.3259933
2402001619,125.55639,10.3258167
2402001620,125.55647,10.3259033
2402001621,125.5567617,10.32628
2402001622,125.5573167,10.325755
2402001623,125.5572383,10.3254983
2402001625,125.5571783,10.3254583
2402001626,125.5571783,10.3254583
2402001628,125.5571783,10.3254583
2402001629,125.556515,10.32635
2402001645,125.5302866,10.31458763
2402001646,125.6206749,10.25653809
2402001647,125.5309614,10.31444713
2402001648,125.6233887,10.2595023
2402001649,125.6207085,10.25652742
2402001650,125.620653,10.25650021
2402001651,125.6233887,10.2595023
2402001652,125.5317313,10.31436995
2402001653,125.6200308,10.25676633
2402001654,125.6233887,10.2595023
2402001655,125.6233895,10.25949463
2402001656,125.6233887,10.2595023
2402001657,125.6233887,10.2595023
2402001658,125.6233887,10.2595023
2402001659,125.6233887,10.2595023
2402001660,125.5341052,10.31681765
2402001661,125.6207455,10.25651436
2402001662,125.6207842,10.2565037
2402001663,125.6208128,10.25646986
2402001664,125.6233887,10.2595023
2402001665,125.6233887,10.2595023
2402001666,125.6233887,10.2595023
2402001667,125.6210129,10.2562988
2402001668,125.6210182,10.2563017
2402001669,125.6208599,10.25646251
2402001670,125.620907,10.25644522
2402001671,125.6209373,10.25644448
2402001694,125.5562408,10.3307199
2402001696,125.5562886,10.3307029
2402001702,125.5562573,10.3282698
2402001703,125.5562467,10.3282702
2402001704,125.5562856,10.3288148
2402001706,125.556346,10.3295591
2402001707,125.5565031,10.3297002
2402001708,125.5563597,10.3297879
2402001709,125.5561109,10.3303851
2402001710,125.5562506,10.3301698
2402001712,125.556388,10.3302111
2402001714,125.5563925,10.3302101
2402001715,125.5564041,10.3302016
2402001716,125.556673,10.3301781
2402001717,125.5564081,10.330213
2402001718,125.5564857,10.330213
2402001719,125.5566113,10.3304297
2402001732,125.5841077,10.31900597
2402001737,125.5847636,10.3171234
2402001738,125.6015148,10.2918857
2402001739,125.6015148,10.2918857
2402001742,125.586815,10.3180511
2402001744,125.5847636,10.3171234
2402001745,125.586815,10.3180511
2402001746,125.5847636,10.3171234
2402001749,125.5847636,10.3171234
2402001751,125.5847636,10.3171234
2402001755,125.5847636,10.3171234
2402001756,125.5847636,10.3171234
2402001757,125.58487,10.3187283
2402001758,125.584445,10.3201183
2402001759,125.584335,10.319795
2402001760,125.5844067,10.3198683
2402001761,125.584295,10.3200667
2402001763,125.5850017,10.31984
2402001764,125.58509,10.3198917
2402001765,125.5850567,10.319455
2402001766,125.5837379,10.3193289
2402001767,125.5837379,10.3193289
2402001769,125.5837379,10.3193289
2402001770,125.5850133,10.319625
2402001771,125.584945,10.3206683
2402001773,125.585135,10.3209833
2402001774,125.5852983,10.32017
2402001775,125.5852,10.3200133
2402001776,125.58434,10.3201633
2402001777,125.5847217,10.3206283
2402001818,125.5843616,10.3199459
2402001820,125.5841167,10.32035833
2402001821,125.5841167,10.32035833
2402001822,125.5846317,10.31993167
2402001823,125.5846317,10.31993167
2402001826,125.5846317,10.31993167
2402001827,125.5846317,10.31993167
2402001828,125.5846884,10.3203628
2402001829,125.5843633,10.32026
2402001830,125.5843633,10.32026
2402001831,125.5843633,10.32026
2402001832,125.58531,10.31994167
2402001834,125.5850433,10.319715
2402001835,125.5849917,10.32001
2402001837,125.5850967,10.31986667
2402001855,125.6273405,10.2573222
2402001856,125.6273397,10.2573208
2402001857,125.6236191,10.2608598
2402001858,125.6272935,10.257029
2402001859,125.6273405,10.2573211
2402001860,125.6273414,10.2573179
2402001861,125.62734,10.2573208
2402001862,125.6262254,10.2593103
2402001863,125.6272976,10.2570315
2402001864,125.6272969,10.2570297
2402001865,125.6270409,10.2577286
2402001866,125.6270409,10.2577286
2402001867,125.6270409,10.2577287
2402001868,125.6203486,10.25666168
2402001869,125.6271274,10.257486
2402001870,125.6271274,10.257486
2402001871,125.6271274,10.257486
2402001872,125.6271092,10.2576563
2402001873,125.6269862,10.2573956
2402001874,125.6271001,10.257421
2402001875,125.6272934,10.2573486
2402001876,125.6269885,10.2586009
2402001877,125.6269775,10.2575767
2402001878,125.6271037,10.2576432
2402001879,125.6203537,10.25663777
2402001908,125.6229953,10.2561607
2402001909,125.6230219,10.2561628
2402001910,125.6230239,10.2561544
2402001911,125.6260159,10.2562653
2402001912,125.620162,10.25670619
2402001913,125.6201418,10.25666574
2402001914,125.620986,10.25642554
2402001915,125.6237304,10.2615331
2402001916,125.5188402,10.30922055
2402001917,125.6202949,10.25668247
2402001918,125.6259208,10.2562292
2402001919,125.6259208,10.2562292
2402001920,125.6209911,10.25639171
2402001921,125.620315,10.25665856
2402001922,125.6257662,10.256267
2402001923,125.6197701,10.25627646
2402001924,125.61006,10.257028
2402001925,125.6206228,10.25655519
2402001947,125.5563494,10.33972435
2402001948,125.5528793,10.34853465
2402001949,125.5536523,10.34781574
2402001950,125.5538445,10.34790084
2402001951,125.5527901,10.34832909
2402001952,125.5533869,10.34676801
2402001953,125.553596,10.34788606
2402001954,125.553709,10.34792204
2402001966,125.6212683,10.2563917
2402001967,125.62116,10.25633
2402001968,125.621255,10.2563333
2402001969,125.6200863,10.25675732
2402001970,125.6209944,10.25635125
2402001971,125.6209406,10.25636872
2402001972,125.5188431,10.30921767
2402001973,125.6214517,10.2568283
2402001974,125.6209877,10.25634978
2402001975,125.6209692,10.25628284
2402001976,125.6209305,10.25620929
2402001977,125.6209473,10.25617545
2402001978,125.6221377,10.25595725
2402001979,125.6209457,10.25614162
2402001980,125.6210247,10.25617067
2402001981,125.6210701,10.2561749
2402001982,125.6237304,10.2591632
2402001983,125.6214883,10.256425
2402001984,125.6214883,10.256425
2402001985,125.6214883,10.256425
2402001986,125.621715,10.2566717
2402002012,125.6231014,10.2561162
2402002013,125.6210073,10.256263
2402002014,125.6204058,10.25661147
2402002015,125.61006,10.2567318
2402002016,125.6203873,10.25658426
2402002017,125.6208272,10.2557934
2402002018,125.6210331,10.25615099
2402002019,125.6202578,10.25661241
2402002020,125.6210819,10.25614032
2402002021,125.6210213,10.25612459
2402002022,125.6237304,10.2591632
2402002023,125.6210684,10.25609738
2402002024,125.5350355,10.31651955
2402002025,125.6203755,10.2565587
2402002026,125.6210146,10.25608009
2402002027,125.6210516,10.25606777
2402002028,125.6204731,10.25660761
2402002029,125.6200813,10.25672182
2402002030,125.6209743,10.25601077
2402002031,125.6203116,10.25666481
2402002032,125.6210197,10.25601996
2402002033,125.6197802,10.25630202
2402002034,125.6203083,10.25663594
2402002064,125.6208422,10.2565442
2402002067,125.6161967,10.2555983
2402002069,125.6208323,10.2565427
2402002071,125.6196161,10.2568057
2402002072,125.6195028,10.2568246
2402002073,125.6194731,10.2568621
2402002074,125.6194866,10.2568597
2402002075,125.6195258,10.2568226
2402002076,125.6195359,10.2568134
2402002077,125.6194708,10.2568715
2402002078,125.6196057,10.2567976
2402002079,125.6194837,10.2567354
2402002082,125.6195449,10.2568366
2402002083,125.6196177,10.2567921
2402002084,125.619591,10.2567207
2402002085,125.6195995,10.256828
2402002086,125.6196079,10.2568067
2402002087,125.6195396,10.2568236
2402002088,125.6196109,10.2568079
2402002089,125.6199926,10.2567994
2402002090,125.6200458,10.2567862
2402002091,125.6204298,10.2567475
2402002092,125.6208316,10.2565467
2402002093,125.6208292,10.2565003
2402002094,125.6210236,10.256336
2402002095,125.619967,10.2567984
2402002096,125.6188335,10.2567599
2402002097,125.6207737,10.2565977
2402002098,125.6207256,10.2565727
2402002099,125.6208006,10.2564933
2402002100,125.6208171,10.2564932
2402002101,125.6208162,10.2564837
2402002102,125.6197181,10.2571365
2402002104,125.6195679,10.2568192
2402002105,125.6206177,10.25652798
2402002106,125.6195127,10.2566301
2402002107,125.5383076,10.31839914
2401000002,125.5556361,10.3276355
2401000010,125.5802166,10.27888473
2401000045,125.5541956,10.31250757
2401000051,125.5510061,10.3195903
2401000054,125.5640941,10.30889234
2401000066,125.54649,10.31099351
2401000081,125.538891,10.30875222
2401000086,125.5640017,10.30886045
2401000088,125.5374772,10.31010514
2401000093,125.5593859,10.3201329
2401000111,125.6208528,10.2565532
2401000112,125.6213103,10.2560769
2401000113,125.6213094,10.2561026
2401000118,125.6208037,10.2565492
2401000125,125.620799,10.2565103
2401000127,125.6208318,10.2565437
2401000138,125.6212672,10.2563243
2401000141,125.6211415,10.2563075
2401000143,125.6209038,10.2564462
2401000147,125.5808104,10.278314
2401000150,125.5808502,10.2784341
2401000152,125.5808879,10.2783775
2401000154,125.5808904,10.2783774
2401000157,125.5806183,10.2783217
2401000159,125.5808611,10.2784075
2401000161,125.5808536,10.2784161
2401000163,125.5807899,10.2780381
2401000168,125.5802364,10.27888443
2401000170,125.5802146,10.27885993
2401000172,125.5808483,10.2784208
2401000174,125.5808537,10.2784198
2401000176,125.5808532,10.2785278
2401000178,125.5808526,10.2785308
2401000180,125.5809195,10.2783814
2401000182,125.5809,10.2783733
2401000184,125.5808714,10.2783997
2401000186,125.5808739,10.2783981
2401000190,125.5811319,10.2783776
2401000192,125.5808091,10.2783247
2401000194,125.5808523,10.2785334
2401000196,125.5808599,10.2785285
2401000198,125.5808525,10.2785241
2401000200,125.5808519,10.2785304
2401000202,125.5811762,10.2783908
2401000204,125.5811951,10.2783772
2401000206,125.5810906,10.2784337
2401000208,125.5808267,10.2785
2401000210,125.5808534,10.2784573
2401000213,125.5808827,10.2784619
2401000215,125.5808533,10.278509
2401000217,125.580858,10.2785269
2401000219,125.5808771,10.2785099
2401000222,125.581184,10.2783829
2401000224,125.5814092,10.2775728
2401000226,125.5861428,10.2794226
2401000228,125.5858788,10.279352
2401000230,125.5854467,10.278665
2401000232,125.5856317,10.279165
2401000234,125.5861138,10.2794013
2401000236,125.5860059,10.2793471
2401000238,125.5802132,10.2788264
2401000241,125.58077,10.27808833
2401000243,125.58077,10.27808833
2401000247,125.5850633,10.27840833
2401000250,125.5850633,10.27840833
2401000252,125.5850633,10.27840833
2401000254,125.5850633,10.27840833
2401000257,125.5288989,10.2830447
2401000258,125.5289288,10.2830764
2401000259,125.5289487,10.2830777
2401000270,125.5287693,10.2829283
2401000273,125.5289506,10.2830801
2402000001,125.5533244,10.3466608
2402000005,125.5847636,10.3171234
2402000010,125.5533359,10.3466854
2402000012,125.5534555,10.34681606
2402000016,125.5535161,10.3470857
2402000019,125.5854474,10.316444
2402000021,125.586815,10.3014444
2402000023,125.5854474,10.316444
2402000025,125.5874987,10.3158888
2402000027,125.5851665,10.3215871
2402000031,125.5851713,10.3215221
2402000035,125.5851593,10.3215651
2402000037,125.5851568,10.3215673
2402000039,125.5851608,10.3215567
2402000040,125.585702,10.3211141
2402000043,125.5852664,10.3214265
2402000045,125.5837379,10.3193289
2402000046,125.5851576,10.3215585
2402000050,125.5851546,10.3215613
2402000052,125.5847963,10.3204515
2402000054,125.5855068,10.3211105
2402000056,125.5848165,10.3204373
2402000058,125.585171,10.321571
2402000060,125.5849563,10.3207138
2402000062,125.5847558,10.3204281
2402000064,125.5874987,10.3126266
2402000066,125.5847298,10.3203953
2402000068,125.5847639,10.3204455
